"ta","math_grade","spanish_grade","better_at_math"
"Phuong Vu",3.13459059557925,4,FALSE
"Yunwei Liang",3.40680598521984,3.71398874875769,FALSE
"Yubing Tian",3.45232683271899,4,FALSE
"Gavin Sreesangkom",3.26156841397782,4,FALSE
"Coco Li",3.30798421225782,3.8046892413427,FALSE
"George Zhang",3.69998809397978,3.93558651398179,FALSE
"Saurav Sawansukha",4,4,TRUE
"Yu Yu Madigan",3.72296813641268,3.83938718745917,FALSE
